"Scenario","mean_distt","min_distt","min_min"
"Age",35.4428002605564,2.2688248458299,0.160792897995394
"Het+Age",35.3494611313944,2.41315004439123,0.111922728457553
