"Scenario","mean_distt","min_distt","min_min"
"Age",35.1720521182874,2.02202659487749,0.118354772424156
"Het+Age",34.1891850686348,2.24624309888342,0.111922728457553
