"geo_entity2","mean_MAP","r_MAP","mean_MAT","r_MAT","mean_PET","r_PET","r_Elev","m_PlotArea"
"Hawai'i Island",3303.54209167481,2647.83584594727,18.9615788241795,9.00116399765015,1239.91383527483,295.957091674805,1729.29702577591,5417.19216565662
"Kaua'i Island",2000.97155639648,1439.02139160156,18.6492098494939,6.68632905006409,1258.82683646066,192.282432861327,981.006854705811,5671.955864
"Maui Nui",5061.31685128348,2257.15728149414,17.0870814977373,6.07880232810974,1176.21525408064,138.247480468749,1095.47613372803,6612.832674
"O'ahu Island",2062.06974051339,1774.64395141601,21.1184747532436,4.09653779983523,1310.69358346122,72.6930163574169,585.322043170929,5916.93555
