"geo_entity2","r_MAP","r_MAT","r_PET","r_Elev","m_PlotArea"
"Hawai'i Island",2807.23360516992,8.81121151693115,295.05172424414,1711.23280382324,4840.17148523722
"Kaua'i Island",1467.39822,6.400144,190.66394,964.8382895,5197.36957
"Maui Nui",2309.46113496094,5.73104379883422,123.376327666015,1055.08955253027,6733.385356
"O'ahu Island",2022.65568277344,3.81280713279419,73.1450087695305,548.099688443359,5993.74689
