"geo_entity2","mean_MAP","mean_PET","r_PET","m_PlotArea"
"Hawai'i Island",3286.40911307199,1252.82203517369,167.659779663086,4943.30019930657
"Kaua'i Island",2034.79743931362,1240.94244803292,187.736290283203,5351.663594
"Maui Nui",4935.25016566685,1172.94612932478,125.746418457031,6596.834428
"O'ahu Island",2193.78501656668,1309.4877406529,70.3724975585891,5723.107404
