"geo_entity2","mean_MAP","r_MAP","mean_MAT","r_MAT","mean_PET","r_PET","r_Elev","m_PlotArea","sd_PlotArea"
"Hawai'i Island",3336.99575052897,2991.64347961426,18.8932519616021,9.35891013145447,1238.54610649957,310.642045898437,1808.24225955963,7259.6332,320.685763250059
"Kaua'i Island",1986.27222113715,1537.88416503906,18.7717231135898,7.24175046920776,1261.89788113064,197.596588134763,1045.13183059692,7283.8628,420.749855727974
"Maui Nui",5083.6036195204,2830.28165039062,17.1349152978261,6.69993678092958,1178.38554511176,157.702021484374,1235.80969604492,7659.629,185.164278780665
"O'ahu Island",2050.49893256293,1951.10405761718,21.1935346688165,4.96636795043949,1311.09336615668,76.4625476074166,696.2848279953,7379.3843,256.502047737332
