"geo_entity2","r_MAP","r_MAT","r_PET","r_Elev","m_PlotArea"
"Hawai'i Island",2806.28423095703,8.73075819969178,289.671046752929,1684.03928012848,5070.48299908839
"Kaua'i Island",1459.76952270508,6.64846429824829,190.725805664062,990.621305236817,5172.15256
"Maui Nui",2242.68773803711,5.38088649749757,116.493088378906,986.135722961426,6628.862778
"O'ahu Island",2055.8901586914,3.92639417648319,73.3795812988229,557.06249540329,5897.629982
