"geo_entity2","mean_MAP","r_MAP","mean_MAT","r_MAT","mean_PET","r_PET","r_Elev","m_PlotArea","sd_PlotArea"
"Hawai'i Island",3300.38667428153,2804.7732989502,18.9055345099313,8.87371411323548,1237.82564958845,296.034751586914,1716.63992830276,5413.34619302811,445.549941869924
"Kaua'i Island",2011.38138950893,1438.72231689453,18.6569732339042,6.8358349609375,1258.42495431082,192.841551513671,997.970866851807,5545.92576,543.689662934536
"Maui Nui",5098.84761544364,2322.25130126953,17.3330684185028,6.25032614707948,1182.50852678571,147.085412597656,1116.00567047119,5988.24638,253.618302071778
"O'ahu Island",2009.44616908482,1743.45991943359,21.1971787125724,4.15680810928348,1311.4348840332,72.1678454589799,599.976252632141,5750.613176,305.1877605596
