"geo_entity2","totPlotArea","PlotN","mean_MAT","r_MAT","mean_MAP","r_MAP","mean_PET","r_PET","max_Elev","r_Elev"
"Hawai'i Island",221216.937701218,316,18.8878528528576,12.3748149871826,3306.96586821351,4169.84002685547,1237.94881178458,443.119262695312,2699.46240234375,2681.86904716492
"Kaua'i Island",7681.134,10,18.076134967804,7.5618019104004,2030.8732055664,1661.07678222656,1241.35087890625,190.86572265625,1185.7392578125,1086.34530639648
"Maui Nui",75211.5154,80,17.1014461517334,9.9391059875488,4965.98108673096,6287.49487304687,1176.65729827881,278.98608398437,2070.2197265625,1865.62829589844
"O'ahu Island",12194.1546,15,21.0014474232991,5.2637462615967,2154.61953125,2417.869140625,1309.35493977865,82.16784667968,778.003662109375,766.095640182495
