"geo_entity2","r_PET","m_PlotArea"
"Hawai'i Island",165.534337193164,5058.14902029624
"Kaua'i Island",189.764298564453,5260.384594
"Maui Nui",122.104038586328,6607.702506
"O'ahu Island",74.4861060992165,5881.458158
