"geo_entity2","mean_MAP","mean_PET","r_PET","m_PlotArea","sd_PlotArea"
"Hawai'i Island",3182.01073022461,1297.86793139648,181.644981689453,7199.5792,505.938474328069
"Kaua'i Island",1879.27784899902,1301.82017346191,177.836591796875,7105.1668,500.106081827212
"Maui Nui",4869.99423083496,1201.79377233887,164.808422851564,7742.5502,274.120942477969
"O'ahu Island",1905.01169696045,1328.9361394043,109.858753662107,6790.3195,464.314310126919
