"geo_entity2","totPlotArea","PlotN","mean_MAT","r_MAT","mean_MAP","r_MAP","mean_PET","r_PET","max_Elev","r_Elev","Abundance_tot_raw","Abundance_ha_tot"
"Hawai'i Island",248441.580251405,323,18.9423704619747,12.3748149871826,3320.1709798807,4088.61059570312,1239.41452564913,443.119262695312,2699.46240234375,2681.86904716492,13479,779425
"Kaua'i Island",9681.134,12,18.7172362804413,7.5618019104004,1997.62819417318,1661.07678222656,1259.92133585612,202.68615722656,1185.7392578125,1086.34530639648,695,19891
"Maui Nui",76043.402,80,17.0814987897873,9.9391059875488,5001.21556854248,6287.49487304687,1176.08893280029,278.98608398437,2070.2197265625,1865.62829589844,8685,204218
"O'ahu Island",11857.9278,14,21.0832958221436,5.2637462615967,2053.11303710937,2250.11694335937,1310.28084891183,82.16784667968,778.003662109375,766.095640182495,711,24160
