"geo_entity2","mean_MAP","mean_PET","r_PET","m_PlotArea","sd_PlotArea"
"Hawai'i Island",3303.36068062919,1248.8623324149,166.762534179687,5397.54873854819,419.682049267296
"Kaua'i Island",1965.35223946707,1261.32935110909,187.900352783202,5513.202978,374.685388921557
"Maui Nui",5132.06547816685,1177.26555106027,122.235814208984,6017.031124,242.427353046476
"O'ahu Island",2035.57533482143,1310.94277605329,71.2766674804636,5807.0773,289.318311498866
