"geo_entity2","mean_MAP","mean_PET","r_PET","m_PlotArea","sd_PlotArea"
"Hawai'i Island",3311.04987749372,1251.57320887974,169.286657714844,5430.7592,397.23985969012
"Kaua'i Island",1956.50051879883,1262.82310198103,186.64753173828,5495.5759,390.866576186798
"Maui Nui",5056.70524152483,1176.83372506278,122.979486083984,5985.9533,280.912863217979
"O'ahu Island",2027.09733904157,1310.4427910505,70.0822338867141,5730.6093,303.702494161821
