"geo_entity2","mean_MAP","r_MAP","mean_MAT","r_MAT","mean_PET","r_PET","r_Elev","m_PlotArea"
"Hawai'i Island",3327.7943019322,2682.22217468262,19.0226736804417,9.26444571495057,1241.98169616699,306.244035034179,1786.90420877457,5455.76443580521
"Kaua'i Island",1995.89993338449,1416.15979736328,18.6736133916037,6.68360420227051,1259.19319702148,190.826755371092,977.185743865968,5648.6804
"Maui Nui",4918.91548374721,2502.29100585937,17.1935901464735,5.91381756782532,1178.77626569476,129.857161865234,1068.52314086914,6673.385356
"O'ahu Island",2042.70642752511,1780.76764282226,21.0491939381191,3.97774347305301,1308.84208530971,72.5378674316355,583.796280632019,5925.601632
