"geo_entity2","r_PET","m_PlotArea","mPET","mMAP"
"Hawai'i Island",289.671046752929,5070.48299908839,1236.361675851,3311.84181562151
"Kaua'i Island",190.725805664062,5172.15256,1250.20584891183,2064.07377057757
"Maui Nui",116.493088378906,6628.862778,1172.95863647461,4975.23715680804
"O'ahu Island",73.3795812988229,5897.629982,1308.14082223075,2209.25101388114
