"geo_entity2","mean_MAP","r_MAP","mean_MAT","r_MAT","mean_PET","r_PET","mean_Arid","r_Arid","mean_minElev","mean_maxElev","r_Elev","mean_SubstrateAge","mean_minSubstrateAge","mean_maxSubstrateAge","r_SubstrateAge","m_PlotArea","sd_PlotArea"
"Hawai'i Island",2815.84879244995,4218.70161346436,17.5057035999298,10.2528130245209,2337.26686083984,2265.8130859375,1.31499307721602,2.45473116435141,92.0505715560913,1741.3288293457,1649.27825778961,17424.8535,195.86,125702.5,125506.64,7375.2656,510.287613403035
"Kaua'i Island",1758.85845684815,2897.90288452149,19.1274332923889,6.82719324111938,2656.14888818359,1680.46199707031,0.66695335910211,1.17896034666062,127.812429351807,1138.98990966797,1011.17748031616,4152105.55555556,2142500,4750000,2607500,7307.2936,418.510877643701
"Maui Nui",4375.2009822998,6243.08058105469,16.4242802419663,7.78753774642943,2228.22967382813,1527.00888061523,2.17030833175374,3.83648793307135,396.195253601074,1484.7925402832,1088.59728668213,663544.805555556,9459.25,1405200,1395740.75,7961.7368,204.932932664974
"O'ahu Island",2228.27680700684,3419.33658325195,20.4820804977417,4.14257541656494,3245.6986262207,1433.65206298829,0.716155632625304,1.3747673556119,163.022760695219,727.971376342774,564.948615647555,2511581.94444444,1518000,3269400,1751400,7518.8433,402.852323904007
