"geo_entity2","mean_MAP","r_MAP","mean_MAT","r_MAT","mean_PET","r_PET","r_Elev","m_PlotArea","sd_PlotArea"
"Hawai'i Island",3322.63389233398,3015.87206115723,19.3266089305878,9.75139872550965,1250.98160791016,324.982875366211,1900.67618465424,7546.2596,485.24311307603
"Kaua'i Island",1955.2031027832,1367.08322021484,19.5103904876709,7.56702492713926,1290.22469458008,219.611088867187,1061.40464416504,7208.5092,698.466167248832
"Maui Nui",5044.58453918457,2663.33337524414,17.8044563503265,7.52420866966244,1192.75072839356,171.669691162108,1313.85983520508,7932.8107,245.091750151722
"O'ahu Island",1988.00500109863,2217.27482177734,21.1199113674164,4.0997459983826,1315.33435192871,74.9324072265573,591.005251140594,7472.1193,405.186967027569
