"geo_entity2","mean_MAP","mean_PET","r_PET","m_PlotArea"
"Hawai'i Island",3294.13452060276,1261.27732815213,176.661075439452,6814.06181569075
"Kaua'i Island",1979.08911946614,1257.47090725369,190.607135009764,7340.242872
"Maui Nui",4987.2111577691,1170.92897786458,129.070202636719,8631.87783
"O'ahu Island",2058.3779941135,1310.8191015625,78.5044262695254,7637.045442
