"geo_entity2","r_PET","m_PlotArea","mPET","mMAP"
"Hawai'i Island",166.887640528906,4790.6211161223,1250.69658399554,3310.4192034368
"Kaua'i Island",185.941497837891,5399.635254,1241.84896566825,2026.08023880301
"Maui Nui",119.485199581641,6614.719274,1172.84735190988,4918.63940506138
"O'ahu Island",70.8027110898423,5641.513076,1310.24230992885,2135.94686319894
