"geo_entity2","mean_MAP","r_MAP","mean_MAT","r_MAT","mean_PET","r_PET","r_Elev","m_PlotArea","sd_PlotArea"
"Hawai'i Island",3239.79877938407,2872.27936889648,18.8898579842704,8.93191184997559,1237.78461556571,296.581571655273,1727.22197399139,5429.1627,417.173227139676
"Kaua'i Island",2011.38138950893,1438.72231689453,18.6569732339042,6.8358349609375,1258.42495431082,192.841551513671,997.970866851807,5545.9233,543.690062746602
"Maui Nui",5098.84761544364,2322.25130126953,17.3330684185028,6.25032614707948,1182.50852678571,147.085412597656,1116.00567047119,5988.2421,253.619120002611
"O'ahu Island",2008.08671805245,1761.12854614257,21.2002810042245,4.15002643585208,1311.69999668666,72.6512231445267,592.375072669983,5747.4203,303.188456815845
