"geo_entity2","mean_MAP","mean_PET","r_PET","m_PlotArea"
"Hawai'i Island",3314.35476811663,1257.78798533622,169.820460651953,5290.86113329116
"Kaua'i Island",1970.65244380162,1261.38904284738,188.701633943358,5662.855738
"Maui Nui",5017.0238711635,1174.47565649414,117.865154464844,6607.268484
"O'ahu Island",2075.75928265764,1310.08086285296,71.2820663441382,5910.905428
