"geo_entity2","mean_MAP","r_MAP","mean_MAT","r_MAT","mean_PET","r_PET","r_Elev","m_PlotArea","sd_PlotArea"
"Hawai'i Island",3282.777527771,3072.75517089844,19.3458043937683,9.88383984565735,1249.75375427246,329.740327148437,1925.77632184982,7145.1383,524.850656353651
"Kaua'i Island",1935.90001855469,1331.94339233398,19.9126573143005,7.46239264488218,1299.22938757324,214.737310791015,1044.05498203278,7076.0686,729.972299504909
"Maui Nui",4877.2968145752,3344.24320800781,18.1155099382401,9.14270073890685,1201.53663378906,224.948217773439,1559.57403091431,7767.2125,272.57931523446
"O'ahu Island",1890.46005285645,2439.17086669922,21.4871469783783,4.33554836273196,1328.3860690918,107.893625488278,599.56003484726,6764.2021,450.440271977071
