"geo_entity2","totPlotArea","PlotN","mean_MAT","r_MAT","mean_MAP","r_MAP","mean_PET","r_PET","max_Elev","r_Elev"
"Hawai'i Island",223925.142827276,316,18.8724532209807,12.37482,3302.37997165558,4169.8404,1237.30708073916,445.7601,2699.462,2681.86864
"Kaua'i Island",8185.4742,11,18.3434927272727,7.5618,2060.61090909091,1661.076,1251.62590909091,196.456,1185.739,1086.34505
"Maui Nui",75211.5154,79,17.028505111111,9.54817,4952.2926986254,6287.495,1174.41986412184,222.42563671875,2070.2197265625,1687.4835265625
"O'ahu Island",11857.9278,14,20.9229440083531,5.26375,2187.03030329241,2417.86869140625,1308.54967668806,82.1679999999999,778.0037,766.09568
