"geo_entity2","mean_MAP","mean_PET","r_PET","m_PlotArea"
"Hawai'i Island",3310.4192034368,1250.69658399554,166.887640528906,4790.6211161223
"Kaua'i Island",2026.08023880301,1241.84896566825,185.941497837891,5399.635254
"Maui Nui",4918.63940506138,1172.84735190988,119.485199581641,6614.719274
"O'ahu Island",2135.94686319894,1310.24230992885,70.8027110898423,5641.513076
