"geo_entity2","r_MAP","r_MAT","r_PET","r_Elev","m_PlotArea"
"Hawai'i Island",2821.80130310059,9.37412675857544,316.859753417967,1850.97193296432,5004.92282862919
"Kaua'i Island",1513.5407836914,6.74759005546569,185.747512207032,992.092420654297,5281.750398
"Maui Nui",2536.88982055664,6.21101852416993,138.305469970703,1111.2691217041,6600.630716
"O'ahu Island",2016.42363769531,3.66604362487796,70.030731201167,548.480358581543,5747.36957
