"geo_entity2","totPlotArea","PlotN","mean_MAT","r_MAT","mean_MAP","r_MAP","mean_PET","r_PET","max_Elev","r_Elev"
"Hawai'i Island",223925.143340744,316,18.8724534753003,12.3748149871826,3302.38001202933,4169.84002685547,1237.30712060083,445.760131835942,2699.46240234375,2681.86904716492
"Kaua'i Island",8185.4742,11,18.3434938083996,7.5618019104004,2060.61087313565,1661.07678222656,1251.626032049,196.455078125,1185.7392578125,1086.34530639648
"Maui Nui",75211.5154,79,17.0285055426103,9.5481700897217,4952.2926674372,6287.49487304687,1174.41994196252,222.42590332031,2070.2197265625,1687.48352050781
"O'ahu Island",11857.9278,14,20.9229432514736,5.2637462615967,2187.03035191127,2417.869140625,1308.54962158203,82.16784667968,778.003662109375,766.095640182495
