"geo_entity2","beta_ENS_PIE","l.QD","h.QD"
"Hawai'i",1.91620125673435,1.83144598579805,2.00254455417308
"Maui Nui",1.85942080417849,1.69870706726453,2.03127502492479
"O'ahu",3.15307602819934,2.49544048185218,3.85425894225752
"Kaua'i",2.61446499488685,1.52021175188224,3.87160409515692
