"geo_entity2","beta_S","l.QD","h.QD"
"Hawai'i",5.10744897959184,4.89343378684807,5.35670272108843
"Maui Nui",3.54374891774892,3.3308362232014,3.76279774788703
"O'ahu",7.27958503401361,6.99366734693877,7.55811556122449
"Kaua'i",11.7983045051354,11.3937184815593,12.2244360060691
