"geo_entity2","beta_ENS_PIE","l.QD","h.QD"
"Hawai'i",1.88637613293876,1.76373163467946,2.02091894191295
"Maui Nui",1.52623179539244,1.47441857943735,1.57677079535819
"O'ahu",2.22833112569032,2.10563135033378,2.35893919306339
"Kaua'i",2.34560294013817,2.27457322462958,2.41704096805342
