"geo_entity2","beta_S","l.QD","h.QD"
"Hawai'i",6.00185007452865,5.73374329737723,6.30266753098092
"Maui Nui",3.83309894867038,3.62177793367347,4.03977887677798
"O'ahu",7.86638775510204,7.50918443877551,8.19805548469388
"Kaua'i",10.8304980307913,10.4228562567132,11.2325764500537
