"geo_entity2","beta_ENS_PIE","l.QD","h.QD"
"Hawai'i",1.67640148543737,1.57478701127679,1.77905651258394
"Maui Nui",1.49998237919116,1.43531600324544,1.57414777054678
"O'ahu",1.81926884709492,1.69772325252834,1.94235343267825
"Kaua'i",1.94652934826622,1.85953457692433,2.03552493533311
