"geo_entity2","beta_ENS_PIE","l.QD","h.QD"
"Hawai'i",2.00538290602774,1.88543662698285,2.12271189234087
"Maui Nui",1.6715097342207,1.60454429517229,1.74203127618768
"O'ahu",3.00965110064594,2.86775549874821,3.15256700975184
"Kaua'i",2.8927787350475,2.82883950945285,2.95703522680435
