"geo_entity2","beta_ENS_PIE","l.QD","h.QD"
"Hawai'i",1.83212008378223,1.7270052389271,1.9477408754767
"Maui Nui",1.51391516278278,1.46153292751955,1.57124461150027
"O'ahu",1.96067058640657,1.8082329169851,2.10027554068023
"Kaua'i",2.27236060550589,2.20305442809874,2.3425731459307
