"geo_entity2","beta_S","l.QD","h.QD"
"Hawai'i",5.59254634254634,5.29361244588745,5.91954609884163
"Maui Nui",3.63416403834261,3.43670339749536,3.82730040584416
"O'ahu",7.8992193877551,7.55070420918367,8.23417372448979
"Kaua'i",10.7084788160878,10.3291290756654,11.1277114721327
