"geo_entity2","beta_S","l.QD","h.QD"
"Hawai'i",5.58030555555556,5.34573425453515,5.81961364795918
"Maui Nui",3.93839739229025,3.73766740362812,4.18042447047001
"O'ahu",7.11944557823129,6.81536828231293,7.45329396258503
"Kaua'i",11.1133134920635,10.6066544205182,11.5789221055089
