"geo_entity2","beta_S","l.QD","h.QD"
"Hawai'i",32.6155876560149,30.1713431386651,35.0732023712047
"Maui Nui",13.9778070031235,12.3454545454545,15.7772932763439
"O'ahu",11.415306122449,6.47426020408163,16.9721173469388
"Kaua'i",16.3831548568391,8.09344269765322,26.7183333333333
