"geo_entity2","beta_ENS_PIE","l.QD","h.QD"
"Hawai'i",1.82689536001473,1.71737708860007,1.93599376903512
"Maui Nui",1.51335123665417,1.45274082121621,1.58123787347987
"O'ahu",1.96822164195789,1.8329383968328,2.1006897475124
"Kaua'i",2.1888087965011,2.11483744433753,2.2725506114688
