"geo_entity2","beta_ENS_PIE","l.QD","h.QD"
"Hawai'i",1.88399502843595,1.74298748211269,2.02262461335663
"Maui Nui",1.62315740332196,1.56064675564988,1.69303853101493
"O'ahu",2.46669844432052,2.30819956447812,2.61721037905536
"Kaua'i",2.24312871578897,2.16856229179791,2.3214060109471
