"geo_entity2","beta_S","l.QD","h.QD"
"Hawai'i",5.60558219954649,5.31588003117914,5.90257545351474
"Maui Nui",4.15106895485467,3.93167032828283,4.37247837172748
"O'ahu",7.49999659863946,7.20005714285714,7.80784778911565
"Kaua'i",11.1258403361345,10.6686364495798,11.5419869631186
