"geo_entity2","beta_S","l.QD","h.QD"
"Hawai'i",6.00185007452865,5.73238821941947,6.32162789888683
"Maui Nui",3.83309894867038,3.65415964749536,4.02918971474954
"O'ahu",7.86638775510204,7.52649196428571,8.20869744897959
"Kaua'i",10.8304980307913,10.4317256355174,11.2123592672157
