"geo_entity2","beta_S","l.QD","h.QD"
"Hawai'i",32.3104326580592,30.0725223045239,34.7401043212238
"Maui Nui",14.5530844155844,12.7131899350649,16.8896367694805
"O'ahu",13.0542857142857,7.1985,19.1245714285714
"Kaua'i",13.421470342523,7.14682247284878,22.4259415204678
