"geo_entity2","value","l.QD","h.QD"
"Hawai'i",1.96107388039421,1.87813604919961,2.04756896792445
"Maui Nui",1.62106709698482,1.491352699374,1.76123961763693
"O'ahu",2.13572611322538,1.67324609408228,2.55655223523758
"Kaua'i",2.74343385804948,1.82193019461487,3.76057844243928
