"geo_entity2","beta_ENS_PIE","l.QD","h.QD"
"Hawai'i",2.02223663090376,1.90683591967716,2.14099236790471
"Maui Nui",1.66285454373885,1.58817342835503,1.73898735005833
"O'ahu",3.024967031379,2.88404407071144,3.16032572671113
"Kaua'i",2.92627832334995,2.87231879290199,2.98504767728372
