"geo_entity2","beta_ENS_PIE","l.QD","h.QD"
"Hawai'i",1.81513732543541,1.68364517978053,1.93918191029359
"Maui Nui",1.47863909431449,1.41506432302311,1.55105582950479
"O'ahu",1.7530040595884,1.64086589627059,1.8838757811203
"Kaua'i",2.0142667834953,1.93089762610736,2.1043576522572
