"geo_entity2","beta_S","l.QD","h.QD"
"Hawai'i",32.3104326580592,29.9590505472903,34.6915033191141
"Maui Nui",14.5530844155844,12.7476866883117,16.8531168831169
"O'ahu",13.0542857142857,7.344,19.7185714285714
"Kaua'i",13.421470342523,6.6637552213868,21.745462406015
