"geo_entity2","beta_ENS_PIE","l.QD","h.QD"
"Hawai'i",1.82689536001473,1.72535966990053,1.93469583013176
"Maui Nui",1.51335123665417,1.45258612524548,1.57321611053489
"O'ahu",1.96822164195789,1.83515260273372,2.09887966804354
"Kaua'i",2.1888087965011,2.11209409159652,2.26498687344365
