"geo_entity2","beta_ENS_PIE","l.QD","h.QD"
"Hawai'i",1.84992858075766,1.73358037185321,1.96076635662881
"Maui Nui",1.62852141352437,1.56387192873771,1.69654198206213
"O'ahu",2.12169398463684,1.98111754126904,2.26545204924422
"Kaua'i",2.47137719058148,2.39585945860496,2.54779631342671
