"geo_entity2","beta_ENS_PIE","l.QD","h.QD"
"Hawai'i",1.91620125673435,1.83456662223968,2.00117351450081
"Maui Nui",1.85942080417849,1.68913709452435,2.0375128853149
"O'ahu",3.15307602819934,2.56392294547203,3.79431877086369
"Kaua'i",2.61446499488685,1.54144294920801,3.91140941034156
