"geo_entity2","beta_S","l.QD","h.QD"
"Hawai'i",4.06984444444444,3.81469813492064,4.3456360515873
"Maui Nui",3.07005721500721,2.87450872294372,3.26248789141414
"O'ahu",5.38609523809524,5.11229535714286,5.69877547619048
"Kaua'i",8.99384460784314,8.54664342728758,9.46198339052288
