"geo_entity2","beta_S","l.QD","h.QD"
"Hawai'i",4.12207380952381,3.88119224206349,4.37024797619048
"Maui Nui",3.16690230880231,2.94636613816739,3.39826022186147
"O'ahu",5.60887619047619,5.34360476190476,5.88034797619048
"Kaua'i",8.95782075163399,8.50180696486928,9.42295048202614
