"geo_entity2","beta_ENS_PIE","l.QD","h.QD"
"Hawai'i",1.96107388039421,1.87810098149579,2.04326250874457
"Maui Nui",1.62106709698482,1.48185906417765,1.76985117440468
"O'ahu",2.13572611322538,1.69541753671304,2.5781990832996
"Kaua'i",2.74343385804948,1.77829622440119,3.67859631100027
