"geo_entity2","beta_S","l.QD","h.QD"
"Hawai'i",5.10744897959184,4.87985277777778,5.35232990362812
"Maui Nui",3.54374891774892,3.33891837765409,3.75045678339518
"O'ahu",7.27958503401361,7.00564328231293,7.58401615646258
"Kaua'i",11.7983045051354,11.3495881535948,12.2170783117414
