"geo_entity2","beta_S","l.QD","h.QD"
"Hawai'i",5.20235487528345,4.9434466553288,5.45868127834467
"Maui Nui",3.72647943722944,3.54112947330447,3.89225336270872
"O'ahu",7.12412585034014,6.90675340136054,7.37219506802721
"Kaua'i",11.7537302754435,11.2876463731326,12.2495672589869
