"geo_entity2","beta_S","l.QD","h.QD"
"Hawai'i",5.60558219954649,5.31466546201814,5.89099529478458
"Maui Nui",4.15106895485467,3.92863884508349,4.37927672000618
"O'ahu",7.49999659863946,7.21486972789116,7.81240391156463
"Kaua'i",11.1258403361345,10.677626228408,11.5634401377218
