"geo_entity2","beta_ENS_PIE","l.QD","h.QD"
"Hawai'i",1.83212008378223,1.71945612212106,1.94091702704082
"Maui Nui",1.51391516278278,1.46214291456014,1.57040681513448
"O'ahu",1.96067058640657,1.80166015457636,2.12491519384086
"Kaua'i",2.27236060550589,2.19683457719713,2.34302303696226
