"geo_entity2","beta_S","l.QD","h.QD"
"Hawai'i",5.20235487528345,4.95518955498866,5.47466805555556
"Maui Nui",3.72647943722944,3.53300141336838,3.91852620851371
"O'ahu",7.12412585034014,6.89526232993197,7.36761853741497
"Kaua'i",11.7537302754435,11.2733096988796,12.2180852911998
