"geo_entity2","beta_S","l.QD","h.QD"
"Hawai'i",5.59254634254634,5.27970494594691,5.91634165873809
"Maui Nui",3.63416403834261,3.41902727659246,3.82778395562771
"O'ahu",7.8992193877551,7.56553494897959,8.23104349489796
"Kaua'i",10.7084788160878,10.2976748955723,11.0828589330469
