"geo_entity2","beta_S","l.QD","h.QD"
"Hawai'i",4.06984444444444,3.8326556547619,4.35405440476191
"Maui Nui",3.07005721500721,2.86718600649351,3.27402637626263
"O'ahu",5.38609523809524,5.09804154761905,5.68961380952381
"Kaua'i",8.99384460784314,8.51638892565359,9.46812370506536
