"geo_entity2","beta_S","l.QD","h.QD"
"Hawai'i",5.98954701647559,5.73631167968936,6.26559883806669
"Maui Nui",3.68100865800866,3.45955207946815,3.89944697742733
"O'ahu",7.27809183673469,6.92664655612245,7.66248048469388
"Kaua'i",11.8882332020527,11.3890525152166,12.3613966075904
