"geo_entity2","beta_ENS_PIE","l.QD","h.QD"
"Hawai'i",2.00538290602774,1.88427351663797,2.12158305972537
"Maui Nui",1.6715097342207,1.59953330458871,1.74036806925388
"O'ahu",3.00965110064594,2.87504359124886,3.15539103190736
"Kaua'i",2.8927787350475,2.82946607380957,2.95375742657066
