"geo_entity2","beta_S","l.QD","h.QD"
"Hawai'i",5.46030385487528,5.21186724773243,5.739839611678
"Maui Nui",3.8688169449598,3.66552232529375,4.07617594310451
"O'ahu",7.58698299319728,7.28914056122449,7.91543647959184
"Kaua'i",11.4222806956116,11.0121029528478,11.8419149480626
