"geo_entity2","beta_ENS_PIE","l.QD","h.QD"
"Hawai'i",1.79955541921663,1.68867481618459,1.90870989287261
"Maui Nui",1.60389169685398,1.53735865854133,1.66890186105688
"O'ahu",1.89919302883736,1.78054854505525,2.03863232701325
"Kaua'i",2.2926242375464,2.20039084917987,2.38506431254636
