"geo_entity2","beta_S","l.QD","h.QD"
"Hawai'i",5.4143780544852,5.14552809442542,5.68119477397602
"Maui Nui",3.69731756338899,3.49508689703154,3.92176014996908
"O'ahu",7.42524489795918,7.07312397959184,7.7184568877551
"Kaua'i",12.1463684210526,11.6160598758802,12.6351764411028
