"geo_entity2","beta_S","l.QD","h.QD"
"Hawai'i",6.6248950617284,6.32099904100529,6.9667585207231
"Maui Nui",4.41418714927048,4.1618081499519,4.6877575036075
"O'ahu",8.37960317460317,8.08668128306878,8.65005251322751
"Kaua'i",13.324792302106,12.990666226398,13.6316216344408
