"geo_entity2","value","l.QD","h.QD"
"Maui Nui",14.7080321067821,12.8826798340548,16.7613932178932
NA,28.797905981877,26.7207337959061,30.7317223312439
