"geo_entity2","beta_ENS_PIE","l.QD","h.QD"
"Hawai'i",1.88399502843595,1.74605443532845,2.02005582141437
"Maui Nui",1.62315740332196,1.56025668421265,1.6916798037369
"O'ahu",2.46669844432052,2.30624239663838,2.62545411101373
"Kaua'i",2.24312871578897,2.16367420964096,2.32637930452993
