"geo_entity2","beta_ENS_PIE","l.QD","h.QD"
"Hawai'i",1.79529141126894,1.67289229590224,1.91994754611118
"Maui Nui",1.55069587983521,1.48892877506351,1.61537473435387
"O'ahu",1.97144453689894,1.84339331332959,2.09780211590858
"Kaua'i",2.23786164737042,2.14714712365929,2.32792536883156
