"geo_entity2","beta_S","l.QD","h.QD"
"Hawai'i",6.00185007452865,5.72512506124828,6.2755056492119
"Maui Nui",3.83309894867038,3.63307812306741,4.02472606679035
"O'ahu",7.86638775510204,7.52255637755102,8.23655216836735
"Kaua'i",10.8304980307913,10.4361901062179,11.2259324979114
