"geo_entity2","beta_ENS_PIE","l.QD","h.QD"
"Hawai'i",1.88399502843595,1.74701340784999,2.03775736401139
"Maui Nui",1.62315740332196,1.55122192640146,1.68708713818501
"O'ahu",2.46669844432052,2.31947346721461,2.63062422958015
"Kaua'i",2.24312871578897,2.1644591738237,2.32271952246164
