"geo_entity2","beta_ENS_PIE","l.QD","h.QD"
"Hawai'i",1.88850081914788,1.76086972483696,2.02145962428685
"Maui Nui",1.58414590089339,1.5158828266652,1.65880077649163
"O'ahu",2.51711467033659,2.35367575946239,2.6871745117483
"Kaua'i",2.14547729244399,2.06819751998329,2.22318313393303
