"geo_entity2","beta_ENS_PIE","l.QD","h.QD"
"Hawai'i",2.53999618520055,2.4242706000685,2.64685552405975
"Maui Nui",1.75418377501443,1.60043208979812,1.91335940756439
"O'ahu",3.96861449970029,3.17092292942455,4.76442308377786
"Kaua'i",3.62952954429099,2.15678635994766,5.1969162839683
