"geo_entity2","beta_ENS_PIE","l.QD","h.QD"
"Hawai'i",1.82689536001473,1.72476842411096,1.93887888736148
"Maui Nui",1.51335123665417,1.45889710722903,1.57703148154781
"O'ahu",1.96822164195789,1.84039930032916,2.10738972860169
"Kaua'i",2.1888087965011,2.11504859824583,2.26220433331073
