"geo_entity2","beta_S","l.QD","h.QD"
"Hawai'i",4.53518412698413,4.29601055555556,4.76438811507936
"Maui Nui",3.29347265512266,3.10448740620491,3.49052056277056
"O'ahu",5.65541428571429,5.36294226190476,6.00507904761905
"Kaua'i",8.34300849673203,7.80171261846405,8.79646034722222
