"geo_entity2","beta_S","l.QD","h.QD"
"Hawai'i",32.6155876560149,30.2056661060459,35.1505995231035
"Maui Nui",13.9778070031235,12.3484033371692,15.673538961039
"O'ahu",11.415306122449,6.58400510204082,17.7988775510204
"Kaua'i",16.3831548568391,8.24782410571883,26.1538140806562
