"geo_entity2","beta_S","l.QD","h.QD"
"Hawai'i",6.65547795414462,6.38727976190476,6.91809468694885
"Maui Nui",4.97951094276094,4.70781097582973,5.24766368245952
"O'ahu",9.01136772486772,8.73652414021164,9.28362658730159
"Kaua'i",13.5977322984749,13.3112637481845,13.8906530160675
