"geo_entity2","beta_S","l.QD","h.QD"
"Hawai'i",32.3104326580592,29.8131686755579,34.8509148134741
"Maui Nui",14.5530844155844,12.7402069805195,16.758869724026
"O'ahu",13.0542857142857,7.12264285714286,19.6564285714286
"Kaua'i",13.421470342523,6.38140476190476,21.8198809523809
