"geo_entity2","beta_ENS_PIE","l.QD","h.QD"
"Hawai'i",1.88399502843595,1.74361010180704,2.02087036167803
"Maui Nui",1.62315740332196,1.56398519857631,1.69516738827979
"O'ahu",2.46669844432052,2.30820761103609,2.62844312138538
"Kaua'i",2.24312871578897,2.16770319990991,2.32461592737494
