"geo_entity2","beta_S","l.QD","h.QD"
"Hawai'i",5.98954701647559,5.74831835357103,6.26403844647416
"Maui Nui",3.68100865800866,3.45950362554113,3.90761255411255
"O'ahu",7.27809183673469,6.91350025510204,7.63586352040816
"Kaua'i",11.8882332020527,11.4085314416995,12.3903976936389
