"geo_entity2","beta_ENS_PIE","l.QD","h.QD"
"Hawai'i",1.91620125673435,1.82736132151937,1.99945489557883
"Maui Nui",1.85942080417849,1.70554778272753,2.03227345692434
"O'ahu",3.15307602819934,2.52575373034111,3.84670800714158
"Kaua'i",2.61446499488685,1.55585825951123,3.97118438826777
