"geo_entity2","beta_S","l.QD","h.QD"
"Hawai'i",5.68770498152641,5.39125912609216,5.99582546273171
"Maui Nui",3.71606941867656,3.54111127473717,3.92673233998145
"O'ahu",7.79697448979592,7.45484630102041,8.12399132653061
"Kaua'i",10.7267383936031,10.2983028881728,11.1346714524406
