"geo_entity2","beta_S","l.QD","h.QD"
"Hawai'i",32.3104326580592,29.9758845404771,34.7214202033901
"Maui Nui",14.5530844155844,12.7042857142857,16.7413778409091
"O'ahu",13.0542857142857,7.54285714285714,19.1841428571429
"Kaua'i",13.421470342523,6.37726399331662,21.8551399331662
