"geo_entity2","beta_ENS_PIE","l.QD","h.QD"
"Hawai'i",1.75709880910558,1.65624331981687,1.85985462709836
"Maui Nui",1.60389169685398,1.54041602612986,1.67670190312245
"O'ahu",1.93566003570265,1.7900257408339,2.07561378687295
"Kaua'i",2.2926242375464,2.20113202624538,2.38534544595667
