"geo_entity2","beta_ENS_PIE","l.QD","h.QD"
"Hawai'i",1.91620125673435,1.82587177033559,2.00375982647311
"Maui Nui",1.85942080417849,1.70228860398727,2.0267328802
"O'ahu",3.15307602819934,2.53016072487781,3.8302946456771
"Kaua'i",2.61446499488685,1.48724939524972,3.91847935920829
