"geo_entity2","beta_ENS_PIE","l.QD","h.QD"
"Hawai'i",1.79955541921663,1.69001927597474,1.91086173694585
"Maui Nui",1.60389169685398,1.54135889887821,1.67588489897688
"O'ahu",1.89919302883736,1.76325140963067,2.03257608737498
"Kaua'i",2.2926242375464,2.19778722987242,2.37505057016822
