"geo_entity2","beta_ENS_PIE","l.QD","h.QD"
"Hawai'i",1.82689536001473,1.72631354768395,1.93444930378626
"Maui Nui",1.51335123665417,1.45291656983252,1.57324153673832
"O'ahu",1.96822164195789,1.8387954805862,2.09775465578345
"Kaua'i",2.1888087965011,2.11785267716303,2.27081757827362
