"geo_entity2","beta_S","l.QD","h.QD"
"Hawai'i",5.51304421768708,5.26329839852608,5.77986193310658
"Maui Nui",4.15106895485467,3.93979289579468,4.3732135113894
"O'ahu",7.39697619047619,7.09664676870748,7.7106712585034
"Kaua'i",11.1258403361345,10.710530952381,11.5586314163165
