"geo_entity2","beta_S","l.QD","h.QD"
"Hawai'i",5.90164594356261,5.62959985670194,6.17502657627866
"Maui Nui",4.06296432579766,3.85026276956069,4.27410366662658
"O'ahu",8.58396031746032,8.26027632275132,8.90692248677249
"Kaua'i",13.8002072440087,13.5034034313725,14.0950395107117
