"geo_entity2","beta_S","l.QD","h.QD"
"Hawai'i",5.68770498152641,5.41085231425321,5.97180680906395
"Maui Nui",3.71606941867656,3.51959341759431,3.91576936069882
"O'ahu",7.79697448979592,7.44734515306122,8.13485395408163
"Kaua'i",10.7267383936031,10.3506976279986,11.1357634502924
