"geo_entity2","beta_ENS_PIE","l.QD","h.QD"
"Hawai'i",2.02223663090376,1.89827060750022,2.15383803791843
"Maui Nui",1.66285454373885,1.58744124611979,1.74042781763542
"O'ahu",3.024967031379,2.88480601805951,3.15923679217568
"Kaua'i",2.92627832334995,2.86580727686966,2.98542922553962
