"geo_entity2","beta_ENS_PIE","l.QD","h.QD"
"Hawai'i",1.88850081914788,1.75172642538236,2.02760744758849
"Maui Nui",1.58414590089339,1.51698672884688,1.6589996757961
"O'ahu",2.51711467033659,2.34632784959041,2.67875476084722
"Kaua'i",2.14547729244399,2.06775000535572,2.22171532457007
