"geo_entity2","beta_S","l.QD","h.QD"
"Hawai'i",30.0226350189199,27.7909838321293,32.0717647058824
"Maui Nui",14.7080321067821,12.7973085993867,16.9423234803391
"O'ahu",11.190306122449,6.91989795918367,16.3810331632653
"Kaua'i",16.3744825708061,9.15584490740741,25.3409579248366
