"geo_entity2","beta_S","l.QD","h.QD"
"Hawai'i",6.00185007452865,5.7392349449162,6.30470282118675
"Maui Nui",3.83309894867038,3.63574518784787,4.04642419217687
"O'ahu",7.86638775510204,7.54259821428572,8.20238354591837
"Kaua'i",10.8304980307913,10.4461574949278,11.2326766529419
