"geo_entity2","beta_ENS_PIE","l.QD","h.QD"
"Hawai'i",1.76417909952086,1.64665406482743,1.88078844147054
"Maui Nui",1.51505798489202,1.45633871727876,1.57621199110622
"O'ahu",2.03136867888375,1.90022058251017,2.15947563979032
"Kaua'i",2.2248925877342,2.14551713012824,2.30368448050016
