"geo_entity2","beta_ENS_PIE","l.QD","h.QD"
"Hawai'i",1.68215016112983,1.58177799663797,1.78990726430899
"Maui Nui",1.56839092923266,1.48835610774811,1.65014086661793
"O'ahu",1.74768123130126,1.61366367966932,1.8771552033465
"Kaua'i",1.90749801777606,1.81549637153994,2.01544080514734
