"geo_entity2","beta_ENS_PIE","l.QD","h.QD"
"Hawai'i",1.88637613293876,1.75861610224406,2.01836595934547
"Maui Nui",1.52623179539244,1.47465697738101,1.58202359195224
"O'ahu",2.22833112569032,2.11035590506279,2.35743802306457
"Kaua'i",2.34560294013817,2.2742725290868,2.4195423497009
