"geo_entity2","beta_ENS_PIE","l.QD","h.QD"
"Hawai'i",2.53999618520055,2.41903976767561,2.65342246360597
"Maui Nui",1.75418377501443,1.60207483757073,1.91175220537817
"O'ahu",3.96861449970029,3.19478519434244,4.81168182342306
"Kaua'i",3.62952954429099,2.17513569181925,5.05253631574874
