"geo_entity2","beta_ENS_PIE","l.QD","h.QD"
"Hawai'i",1.84895526887695,1.74067953668196,1.95448961634959
"Maui Nui",1.60020425445985,1.54956352966169,1.65356569898313
"O'ahu",2.17739102427491,2.06533716373609,2.30066714503877
"Kaua'i",2.52744470651802,2.44351769349206,2.59875268966539
