"geo_entity2","beta_ENS_PIE","l.QD","h.QD"
"Hawai'i",1.87583379231523,1.73241239549662,2.01308327322872
"Maui Nui",1.65190903857335,1.58432642019458,1.71908961299212
"O'ahu",2.58765021149762,2.42761475038092,2.74866145002579
"Kaua'i",2.20463031740975,2.12698423549294,2.28445464572985
