"geo_entity2","beta_S","l.QD","h.QD"
"Hawai'i",5.4143780544852,5.13326690462315,5.70411782741068
"Maui Nui",3.69731756338899,3.48704574056896,3.89884199907236
"O'ahu",7.42524489795918,7.11358494897959,7.74881607142857
"Kaua'i",12.1463684210526,11.6771670008354,12.6141862304571
